STATE,CONSTITUENCY,WINNER,WINNER_PARTY,WINNER_VOTES,RUNNER_UP,RUNNER_UP_PARTY,RUNNER_UP_VOTES,VOTE_DIFFERENCE
HARYANA,"UCHANA KALAN","DEVENDER CHATAR BHUJ ATTRI","Bharatiya Janata Party",48968,"BRIJENDRA SINGH","Indian National Congress",48936,32
HARYANA,DABWALI,"ADITYA DEVILAL","Indian National Lok Dal",56074,"AMIT SIHAG","Indian National Congress",55464,610
HARYANA,LOHARU,"RAJBIR FARTIA","Indian National Congress",81336,"JAI PARKASH DALAL","Bharatiya Janata Party",80544,792
HARYANA,ADAMPUR,"CHANDER PARKASH S/O ARJUN LAL","Indian National Congress",65371,"BHAVYA BISHNOI","Bharatiya Janata Party",64103,1268
HARYANA,ROHTAK,"BHARAT BHUSHAN BATRA","Indian National Congress",59419,"MANISH KUMAR GROVER","Bharatiya Janata Party",58078,1341
HARYANA,SADHAURA,"RENU BALA","Indian National Congress",57534,"BALWANT SINGH","Bharatiya Janata Party",55835,1699
HARYANA,DADRI,"SUNIL SATPAL SANGWAN","Bharatiya Janata Party",65568,"MANISHA SANGWAN","Indian National Congress",63611,1957
HARYANA,PANCHKULA,"CHANDER MOHAN","Indian National Congress",67397,"GIAN CHAND GUPTA","Bharatiya Janata Party",65400,1997
HARYANA,PUNDRI,"SATPAL JAMBA","Bharatiya Janata Party",42805,"SATBIR BHANA",Independent,40608,2197
HARYANA,FATEHABAD,"BALWAN SINGH DOULATPURIA","Indian National Congress",86172,"DURA RAM","Bharatiya Janata Party",83920,2252
HARYANA,ASSANDH,"YOGINDER SINGH RANA","Bharatiya Janata Party",54761,"SHAMSHER SINGH GOGI","Indian National Congress",52455,2306
HARYANA,HODAL,"HARINDER SINGH","Bharatiya Janata Party",68865,"UDAI BHAN","Indian National Congress",66270,2595
HARYANA,MAHENDRAGARH,"KANWAR SINGH","Bharatiya Janata Party",63036,"RAO DAN SINGH","Indian National Congress",60388,2648
HARYANA,ATELI,"ARTI SINGH RAO","Bharatiya Janata Party",57737,"ATTAR LAL","Bahujan Samaj Party",54652,3085
HARYANA,THANESAR,"ASHOK KUMAR ARORA","Indian National Congress",70076,"SUBHASH SUDHA","Bharatiya Janata Party",66833,3243
HARYANA,SAFIDON,"RAM KUMAR GAUTAM","Bharatiya Janata Party",58983,"SUBHASH GANGOLI","Indian National Congress",54946,4037
HARYANA,RANIA,"ARJUN CHAUTALA","Indian National Lok Dal",43914,"SARV MITTER","Indian National Congress",39723,4191
HARYANA,GHARAUNDA,"HARVINDER KALYAN","Bharatiya Janata Party",87236,"VARINDER SINGH RATHORE","Indian National Congress",82705,4531
HARYANA,RAI,"KRISHNA GAHLAWAT","Bharatiya Janata Party",64614,"JAI BHAGWAN ANTIL","Indian National Congress",59941,4673
HARYANA,KHARKHAUDA,"PAWAN KHARKHODA","Bharatiya Janata Party",58084,"JAIVEER SINGH","Indian National Congress",52449,5635
HARYANA,BARODA,"INDURAJ SINGH NARWAL","Indian National Congress",54462,"KAPOOR SINGH NARWAL",Independent,48820,5642
HARYANA,JULANA,VINESH,"Indian National Congress",65080,"YOGESH KUMAR","Bharatiya Janata Party",59065,6015
HARYANA,BADKHAL,"DHANESH ADLAKHA","Bharatiya Janata Party",79476,"VIJAY PRATAP SINGH","Indian National Congress",73295,6181
HARYANA,SHAHBAD,"RAM KARAN","Indian National Congress",61050,"SUBHASH CHAND","Bharatiya Janata Party",54609,6441
HARYANA,PEHOWA,"MANDEEP CHATHA","Indian National Congress",64548,"JAI BHAGWAN SHARMA (DD)","Bharatiya Janata Party",57995,6553
HARYANA,JAGADHRI,"AKRAM KHAN","Indian National Congress",67403,"KANWAR PAL","Bharatiya Janata Party",60535,6868
HARYANA,"NANGAL CHAUDHRY","MANJU CHOUDHARY","Indian National Congress",61989,"DR. ABHE SINGH YADAV","Bharatiya Janata Party",55059,6930
HARYANA,SIRSA,"GOKUL SETIA","Indian National Congress",79020,"GOPAL KANDA","Haryana Lokhit Party",71786,7234
HARYANA,"AMBALA CANTT.","ANIL VIJ","Bharatiya Janata Party",59858,"CHITRA SARWARA",Independent,52581,7277
HARYANA,BADHRA,"UMED SINGH","Bharatiya Janata Party",59315,"SOMVIR SINGH","Indian National Congress",51730,7585
HARYANA,KAITHAL,"ADITYA SURJEWALA","Indian National Congress",83744,"LEELA RAM","Bharatiya Janata Party",75620,8124
HARYANA,GOHANA,"ARVIND KUMAR SHARMA","Bharatiya Janata Party",57055,"JAGBIR SINGH MALIK","Indian National Congress",46626,10429
HARYANA,TOHANA,"PARAMVIR SINGH","Indian National Congress",88522,"DEVENDER SINGH BABLI","Bharatiya Janata Party",77686,10836
HARYANA,KALKA,"SHAKTI RANI SHARMA","Bharatiya Janata Party",60612,"PARDEEP CHAUDHARY","Indian National Congress",49729,10883
HARYANA,"AMBALA CITY","NIRMAL SINGH MOHRA","Indian National Congress",84475,"ASEEM GOEL NANEOLA","Bharatiya Janata Party",73344,11131
HARYANA,NARWANA,"KRISHAN KUMAR","Bharatiya Janata Party",59474,"SATBIR DABLAIN","Indian National Congress",47975,11499
HARYANA,SOHNA,"TEJPAL TANWAR","Bharatiya Janata Party",61243,"ROHTAS SINGH","Indian National Congress",49366,11877
HARYANA,NALWA,"RANDHIR PANIHAR","Bharatiya Janata Party",66330,"ANIL MAAN","Indian National Congress",54186,12144
HARYANA,KALANAUR,"SHAKUNTLA KHATAK","Indian National Congress",69348,"RENU DABLA","Bharatiya Janata Party",57116,12232
HARYANA,NARNAUND,"JASSI PETWAR","Indian National Congress",84801,"CAPT. ABHIMANYU","Bharatiya Janata Party",72223,12578
HARYANA,MULANA,POOJA,"Indian National Congress",79089,"SANTOSH CHAUHAN SARWAN","Bharatiya Janata Party",66224,12865
HARYANA,RADAUR,"SHYAM SINGH RANA","Bharatiya Janata Party",73348,"DR. BISHAN LAL SAINI","Indian National Congress",60216,13132
HARYANA,KALAYAT,"VIKAS SAHARAN","Indian National Congress",48142,"KAMLESH DHANDA","Bharatiya Janata Party",34723,13419
HARYANA,JHAJJAR,"GEETA BHUKKAL","Indian National Congress",66345,"KAPTAN BIRDHANA","Bharatiya Janata Party",52790,13555
HARYANA,ISRANA,"KRISHAN LAL PANWAR","Bharatiya Janata Party",67538,"BALBIR SINGH BALMIKI","Indian National Congress",53643,13895
HARYANA,TOSHAM,"SHRUTI CHOUDHRY","Bharatiya Janata Party",76414,"ANIRUDH CHAUDHARY","Indian National Congress",62157,14257
HARYANA,ELLENABAD,"BHARAT SINGH BENIWAL","Indian National Congress",77865,"ABHAY SINGH CHAUTALA","Indian National Lok Dal",62865,15000
HARYANA,NARAINGARH,"SHALLEY CHAUDHARY","Indian National Congress",62180,"DR. PAWAN SAINI","Bharatiya Janata Party",47086,15094
HARYANA,INDRI,"RAM KUMAR KASHYAP","Bharatiya Janata Party",80465,"RAKESH KAMBOJ","Indian National Congress",65316,15149
HARYANA,JIND,"DR KRISHAN LAL MIDDHA","Bharatiya Janata Party",68920,"MAHAVIR GUPTA","Indian National Congress",53060,15860
HARYANA,LADWA,"NAYAB SINGH","Bharatiya Janata Party",70177,"MEWA SINGH","Indian National Congress",54123,16054
HARYANA,BADLI,"KULDEEP VATS","Indian National Congress",68160,"OMPRAKASH DHANKAR","Bharatiya Janata Party",51340,16820
HARYANA,NARNAUL,"OM PRAKASH YADAV","Bharatiya Janata Party",57635,"RAO NARENDER SINGH","Indian National Congress",40464,17171
HARYANA,KOSLI,"ANIL YADAV","Bharatiya Janata Party",92185,"JAGDISH YADAV","Indian National Congress",74976,17209
HARYANA,BALLABGARH,"MOOL CHAND SHARMA","Bharatiya Janata Party",61806,"SHARDA RATHORE",Independent,44076,17730
HARYANA,MEHAM,"BALRAM DANGI","Indian National Congress",56865,"BALRAJ KUNDU","Haryana Jan Sevak Party",38805,18060
HARYANA,NILOKHERI,"BHAGWAN DASS","Bharatiya Janata Party",77902,"DHARAM PAL","Indian National Congress",59057,18845
HARYANA,HISAR,"SAVITRI JINDAL",Independent,49231,"RAM NIWAS RARA","Indian National Congress",30290,18941
HARYANA,SAMALKHA,"MANMOHAN BHADANA","Bharatiya Janata Party",81293,"DHARAM SINGH CHHOKER","Indian National Congress",61978,19315
HARYANA,BAWAL,"DR. KRISHAN KUMAR","Bharatiya Janata Party",86858,"DR. M.L. RANGA","Indian National Congress",66847,20011
HARYANA,PRITHLA,"RAGHUBIR TEWATIA","Indian National Congress",70262,"TEK CHAND SHARMA","Bharatiya Janata Party",49721,20541
HARYANA,RATIA,"JARNAIL SINGH","Indian National Congress",86426,"SUNITA DUGGAL","Bharatiya Janata Party",64984,21442
HARYANA,HANSI,"VINOD BHAYANA","Bharatiya Janata Party",78686,"RAHUL MAKKAR","Indian National Congress",57226,21460
HARYANA,"BAWANI KHERA","KAPOOR SINGH","Bharatiya Janata Party",80077,"PRADEEP NARWAL","Indian National Congress",58298,21779
HARYANA,YAMUNANAGAR,"GHANSHYAM DASS","Bharatiya Janata Party",73185,"RAMAN TYAGI","Indian National Congress",50748,22437
HARYANA,GUHLA,"DEVENDER HANS","Indian National Congress",64611,"KULWANT RAM BAZIGAR","Bharatiya Janata Party",41731,22880
HARYANA,KALANWALI,"SHISHPAL KEHARWALA","Indian National Congress",66728,"RAJINDER SINGH DESUJODHA","Bharatiya Janata Party",43769,22959
HARYANA,BARWALA,"RANBIR GANGWA","Bharatiya Janata Party",66843,"RAMNIWAS GHORELA","Indian National Congress",39901,26942
HARYANA,UKLANA,"NARESH SELWAL","Indian National Congress",78448,"ANOOP DHANAK","Bharatiya Janata Party",50356,28092
HARYANA,REWARI,"LAXMAN SINGH YADAV","Bharatiya Janata Party",83747,"CHIRANJEEV RAO","Indian National Congress",54978,28769
HARYANA,SONIPAT,"NIKHIL MADAAN","Bharatiya Janata Party",84827,"SURENDER PANWAR","Indian National Congress",55200,29627
HARYANA,PUNAHANA,"MOHAMMAD ILYAS","Indian National Congress",85300,"RAHISH KHAN",Independent,53384,31916
HARYANA,HATHIN,"MOHD ISRAIL","Indian National Congress",79907,"MANOJ KUMAR","Bharatiya Janata Party",47511,32396
HARYANA,BHIWANI,"GHANSHYAM SARAF","Bharatiya Janata Party",67087,"OM PRAKASH","Communist Party of India  (Marxist)",34373,32714
HARYANA,"FARIDABAD NIT","SATISH KUMAR PHAGNA","Bharatiya Janata Party",91992,"NEERAJ SHARMA","Indian National Congress",58775,33217
HARYANA,PALWAL,"GAURAV GAUTAM","Bharatiya Janata Party",109118,"KARAN SINGH DALAL","Indian National Congress",75513,33605
HARYANA,KARNAL,"JAGMOHAN ANAND","Bharatiya Janata Party",90006,"SUMITA VIRK","Indian National Congress",56354,33652
HARYANA,GANAUR,"DEVENDER KADYAN",Independent,77248,"KULDIP SHARMA","Indian National Congress",42039,35209
HARYANA,BERI,"RAGHUVIR SINGH KADIAN","Indian National Congress",60630,"SANJAY KUMAR","Bharatiya Janata Party",25160,35470
HARYANA,"PANIPAT CITY","PARMOD KUMAR VIJ","Bharatiya Janata Party",81750,"VARINDER KUMAR SHAH","Indian National Congress",46078,35672
HARYANA,TIGAON,"RAJESH NAGAR","Bharatiya Janata Party",94229,"LALIT NAGAR S/O LATE BHARAT SINGH NAGAR",Independent,56828,37401
HARYANA,BAHADURGARH,"RAJESH JOON",Independent,73191,"DINESH KAUSHIK","Bharatiya Janata Party",31192,41999
HARYANA,PATAUDI,"BIMLA CHAUDHARY","Bharatiya Janata Party",98519,"PEARL CHOUDHARY","Indian National Congress",51989,46530
HARYANA,NUH,"AFTAB AHMED","Indian National Congress",91833,"TAHIR HUSSAIN","Indian National Lok Dal",44870,46963
HARYANA,FARIDABAD,"VIPUL GOEL","Bharatiya Janata Party",93651,"LAKHAN KUMAR SINGLA","Indian National Congress",45263,48388
HARYANA,"PANIPAT RURAL","MAHIPAL DHANDA","Bharatiya Janata Party",101079,"SACHIN KUNDU","Indian National Congress",50867,50212
HARYANA,BADSHAHPUR,"RAO NARBIR SINGH","Bharatiya Janata Party",145503,"VARDHAN YADAV","Indian National Congress",84798,60705
HARYANA,GURGAON,"MUKESH SHARMA","Bharatiya Janata Party",122615,"NAVEEN GOYAL",Independent,54570,68045
HARYANA,"GARHI SAMPLA","BHUPINDER SINGH HOODA","Indian National Congress",108539,MANJU,"Bharatiya Janata Party",37074,71465
HARYANA,"FEROZEPUR JHIRKA","MAMMAN KHAN","Indian National Congress",130497,"NASEEM AHMED","Bharatiya Janata Party",32056,98441
